csr_f1,osr_f1,osr_fpr,osr_tnr,osr_tpr,osr_fnr
89.92760246737903,60.16461369563881,54.50000000000001,45.5,100.0,0.0
