csr_f1,osr_f1,osr_fpr,osr_tnr,osr_tpr,osr_fnr
89.92760246737903,65.10478323932297,49.2,50.8,100.0,0.0
