csr_f1,osr_f1,osr_fpr,osr_tnr,osr_tpr,osr_fnr
89.83371806249718,86.66112760852998,21.7,78.3,99.6,0.4
