csr_f1,osr_f1,osr_fpr,osr_tnr,osr_tpr,osr_fnr
89.83371806249718,82.47794381191864,28.000000000000004,72.0,99.7,0.3
