csr_f1,osr_f1,osr_fpr,osr_tnr,osr_tpr,osr_fnr
89.97855304385119,83.99453070340618,25.5,74.5,99.2,0.8
