csr_f1,osr_f1,osr_fpr,osr_tnr,osr_tpr,osr_fnr
89.97855304385119,79.98090969250377,31.2,68.8,99.3,0.7000000000000001
