csr_f1,osr_f1,osr_fpr,osr_tnr,osr_tpr,osr_fnr
92.602084164919,89.15297698755693,16.7,83.3,97.8,2.1999999999999997
