csr_f1,osr_f1,osr_fpr,osr_tnr,osr_tpr,osr_fnr
92.602084164919,90.9424791874899,13.8,86.2,97.89999999999999,2.1
