csr_f1,osr_f1,osr_fpr,osr_tnr,osr_tpr,osr_fnr
88.03786013122398,88.42188006206585,12.6,87.4,91.7,8.3
