csr_f1,osr_f1,osr_fpr,osr_tnr,osr_tpr,osr_fnr
92.48766646524084,87.33421554092514,20.200000000000003,79.80000000000001,98.7,1.3
