csr_f1,osr_f1,osr_fpr,osr_tnr,osr_tpr,osr_fnr
92.48766646524084,89.00079339101998,17.299999999999997,82.69999999999999,98.6,1.4000000000000001
