csr_f1,osr_f1,osr_fpr,osr_tnr,osr_tpr,osr_fnr
91.33611704025623,89.76447113663899,16.2,83.8,98.6,1.4000000000000001
