csr_f1,osr_f1,osr_fpr,osr_tnr,osr_tpr,osr_fnr
91.33611704025623,86.03019714119284,22.5,77.5,99.3,0.7000000000000001
