csr_f1,osr_f1,osr_fpr,osr_tnr,osr_tpr,osr_fnr
90.80287580533911,84.35849085957018,25.0,75.0,99.5,0.5
