csr_f1,osr_f1,osr_fpr,osr_tnr,osr_tpr,osr_fnr
90.80287580533911,88.87670421422627,17.7,82.3,98.8,1.2
