csr_f1,osr_f1,osr_fpr,osr_tnr,osr_tpr,osr_fnr
93.11555790196255,90.03073209814903,15.299999999999999,84.7,97.6,2.4
