csr_f1,osr_f1,osr_fpr,osr_tnr,osr_tpr,osr_fnr
93.11555790196255,92.40265766291668,11.5,88.5,97.89999999999999,2.1
