csr_f1,osr_f1,osr_fpr,osr_tnr,osr_tpr,osr_fnr
91.72711759830484,85.31045419071019,23.400000000000002,76.6,99.3,0.7000000000000001
