csr_f1,osr_f1,osr_fpr,osr_tnr,osr_tpr,osr_fnr
91.72711759830484,79.41854922206447,31.8,68.2,99.5,0.5
