csr_f1,osr_f1,osr_fpr,osr_tnr,osr_tpr,osr_fnr
91.55909566794612,90.48571091017112,14.799999999999999,85.2,97.89999999999999,2.1
