csr_f1,osr_f1,osr_fpr,osr_tnr,osr_tpr,osr_fnr
91.55909566794612,86.9404327336652,21.3,78.7,99.4,0.6
