csr_f1,osr_f1,osr_fpr,osr_tnr,osr_tpr,osr_fnr
93.5136086942925,88.70249532811218,18.3,81.69999999999999,99.1,0.8999999999999999
