csr_f1,osr_f1,osr_fpr,osr_tnr,osr_tpr,osr_fnr
93.5136086942925,91.58566053750305,13.100000000000001,86.9,98.4,1.6
