csr_f1,osr_f1,osr_fpr,osr_tnr,osr_tpr,osr_fnr
91.45456738412722,86.74812216766502,21.099999999999998,78.9,98.8,1.2
