csr_f1,osr_f1,osr_fpr,osr_tnr,osr_tpr,osr_fnr
91.45456738412722,81.90875795895576,28.499999999999996,71.5,99.6,0.4
