csr_f1,osr_f1,osr_fpr,osr_tnr,osr_tpr,osr_fnr
91.95571725951321,83.64198140744155,26.1,73.9,99.5,0.5
