csr_f1,osr_f1,osr_fpr,osr_tnr,osr_tpr,osr_fnr
91.95571725951321,87.82682518971289,19.1,80.9,98.8,1.2
