csr_f1,osr_f1,osr_fpr,osr_tnr,osr_tpr,osr_fnr
91.07427772717853,89.93780844881734,16.5,83.5,99.1,0.8999999999999999
