csr_f1,osr_f1,osr_fpr,osr_tnr,osr_tpr,osr_fnr
91.07427772717853,92.17880200728837,11.5,88.5,97.39999999999999,2.6
