csr_f1,osr_f1,osr_fpr,osr_tnr,osr_tpr,osr_fnr
92.19977508320488,89.54575128905246,16.7,83.3,98.6,1.4000000000000001
