csr_f1,osr_f1,osr_fpr,osr_tnr,osr_tpr,osr_fnr
92.19977508320488,91.07132370468359,13.900000000000002,86.1,98.6,1.4000000000000001
