csr_f1,osr_f1,osr_fpr,osr_tnr,osr_tpr,osr_fnr
92.34606938954765,88.8957672225174,17.4,82.6,98.2,1.7999999999999998
