csr_f1,osr_f1,osr_fpr,osr_tnr,osr_tpr,osr_fnr
92.34606938954765,91.11480665409695,13.8,86.2,98.3,1.7000000000000002
