csr_f1,osr_f1,osr_fpr,osr_tnr,osr_tpr,osr_fnr
88.10124653169478,88.89226379097343,12.5,87.5,91.8,8.200000000000001
