csr_f1,osr_f1,osr_fpr,osr_tnr,osr_tpr,osr_fnr
88.10124653169478,87.56781500721205,15.5,84.5,92.80000000000001,7.199999999999999
