csr_f1,osr_f1,osr_fpr,osr_tnr,osr_tpr,osr_fnr
91.81325794723963,87.22877091464265,20.7,79.3,99.4,0.6
