csr_f1,osr_f1,osr_fpr,osr_tnr,osr_tpr,osr_fnr
91.81325794723963,90.67551584392541,14.299999999999999,85.7,98.1,1.9
