csr_f1,osr_f1,osr_fpr,osr_tnr,osr_tpr,osr_fnr
93.48649073664554,90.73709316973273,15.2,84.8,99.0,1.0
