csr_f1,osr_f1,osr_fpr,osr_tnr,osr_tpr,osr_fnr
93.48649073664554,87.99750170991425,20.0,80.0,99.5,0.5
