csr_f1,osr_f1,osr_fpr,osr_tnr,osr_tpr,osr_fnr
91.32574354199069,90.05488219302399,16.2,83.8,99.1,0.8999999999999999
