csr_f1,osr_f1,osr_fpr,osr_tnr,osr_tpr,osr_fnr
91.32574354199069,91.71593857439447,11.600000000000001,88.4,96.8,3.2
