csr_f1,osr_f1,osr_fpr,osr_tnr,osr_tpr,osr_fnr
93.21843654319088,91.34644741342778,13.900000000000002,86.1,98.6,1.4000000000000001
