csr_f1,osr_f1,osr_fpr,osr_tnr,osr_tpr,osr_fnr
93.21843654319088,89.18687475379001,17.8,82.19999999999999,99.3,0.7000000000000001
