csr_f1,osr_f1,osr_fpr,osr_tnr,osr_tpr,osr_fnr
93.24096496375402,88.11136625576395,19.5,80.5,99.4,0.6
