csr_f1,osr_f1,osr_fpr,osr_tnr,osr_tpr,osr_fnr
93.24096496375402,91.06658377234331,14.7,85.3,99.1,0.8999999999999999
