csr_f1,osr_f1,osr_fpr,osr_tnr,osr_tpr,osr_fnr
89.13346228859757,88.42219296368121,12.3,87.7,91.0,9.0
