csr_f1,osr_f1,osr_fpr,osr_tnr,osr_tpr,osr_fnr
89.13346228859757,87.31530182865595,14.799999999999999,85.2,91.9,8.1
