csr_f1,osr_f1,osr_fpr,osr_tnr,osr_tpr,osr_fnr
92.00229743185727,84.094902261683,25.5,74.5,99.6,0.4
