csr_f1,osr_f1,osr_fpr,osr_tnr,osr_tpr,osr_fnr
92.00229743185727,84.77590601871951,24.2,75.8,99.5,0.5
