csr_f1,osr_f1,osr_fpr,osr_tnr,osr_tpr,osr_fnr
92.62369121284185,87.59107525694394,20.5,79.5,99.6,0.4
