csr_f1,osr_f1,osr_fpr,osr_tnr,osr_tpr,osr_fnr
92.62369121284185,90.14190030705251,15.9,84.1,99.0,1.0
