csr_f1,osr_f1,osr_fpr,osr_tnr,osr_tpr,osr_fnr
91.02830225218165,89.02871569195034,18.2,81.8,99.7,0.3
