csr_f1,osr_f1,osr_fpr,osr_tnr,osr_tpr,osr_fnr
91.02830225218165,85.78041612945425,23.3,76.7,99.7,0.3
