csr_f1,osr_f1,osr_fpr,osr_tnr,osr_tpr,osr_fnr
89.92288956911383,77.91302017018126,34.1,65.9,99.6,0.4
