csr_f1,osr_f1,osr_fpr,osr_tnr,osr_tpr,osr_fnr
89.92288956911383,81.77342310895664,28.599999999999998,71.39999999999999,99.6,0.4
