csr_f1,osr_f1,osr_fpr,osr_tnr,osr_tpr,osr_fnr
91.71763792212036,81.95460173325982,28.4,71.6,99.7,0.3
