csr_f1,osr_f1,osr_fpr,osr_tnr,osr_tpr,osr_fnr
91.71763792212036,81.47069114423435,28.999999999999996,71.0,99.8,0.2
