csr_f1,osr_f1,osr_fpr,osr_tnr,osr_tpr,osr_fnr
93.77882905745336,92.72374175790499,10.8,89.2,98.0,2.0
