csr_f1,osr_f1,osr_fpr,osr_tnr,osr_tpr,osr_fnr
93.77882905745336,90.3167674937617,15.2,84.8,98.5,1.5
