csr_f1,osr_f1,osr_fpr,osr_tnr,osr_tpr,osr_fnr
88.34490747433269,87.17633293102341,15.4,84.6,92.0,8.0
