csr_f1,osr_f1,osr_fpr,osr_tnr,osr_tpr,osr_fnr
88.34490747433269,88.64787268863724,12.3,87.7,91.0,9.0
