csr_f1,osr_f1,osr_fpr,osr_tnr,osr_tpr,osr_fnr
88.20247344704471,86.67535692210973,16.3,83.7,92.2,7.8
