csr_f1,osr_f1,osr_fpr,osr_tnr,osr_tpr,osr_fnr
88.20247344704471,87.8290775472942,13.900000000000002,86.1,91.5,8.5
