csr_f1,osr_f1,osr_fpr,osr_tnr,osr_tpr,osr_fnr
90.11998280207999,88.68891383839795,18.4,81.6,99.1,0.8999999999999999
