csr_f1,osr_f1,osr_fpr,osr_tnr,osr_tpr,osr_fnr
90.11998280207999,84.74023021038816,24.5,75.5,99.3,0.7000000000000001
