csr_f1,osr_f1,osr_fpr,osr_tnr,osr_tpr,osr_fnr
93.41405523030237,90.93354218785512,14.499999999999998,85.5,98.7,1.3
