csr_f1,osr_f1,osr_fpr,osr_tnr,osr_tpr,osr_fnr
93.41405523030237,92.74791080993397,11.200000000000001,88.8,98.5,1.5
