csr_f1,osr_f1,osr_fpr,osr_tnr,osr_tpr,osr_fnr
93.1355969362296,83.39683519874346,26.8,73.2,99.5,0.5
