csr_f1,osr_f1,osr_fpr,osr_tnr,osr_tpr,osr_fnr
93.1355969362296,87.55358961371591,20.4,79.60000000000001,98.9,1.0999999999999999
