csr_f1,osr_f1,osr_fpr,osr_tnr,osr_tpr,osr_fnr
93.23958833377328,90.94217493399053,14.299999999999999,85.7,98.5,1.5
