csr_f1,osr_f1,osr_fpr,osr_tnr,osr_tpr,osr_fnr
93.23958833377328,92.43234568334793,11.1,88.9,97.39999999999999,2.6
