csr_f1,osr_f1,osr_fpr,osr_tnr,osr_tpr,osr_fnr
93.40902344989033,92.04368661673918,12.5,87.5,98.3,1.7000000000000002
