csr_f1,osr_f1,osr_fpr,osr_tnr,osr_tpr,osr_fnr
93.40902344989033,89.60543831915257,17.0,83.0,99.0,1.0
