csr_f1,osr_f1,osr_fpr,osr_tnr,osr_tpr,osr_fnr
92.07962622621392,91.15892828167443,14.399999999999999,85.6,98.9,1.0999999999999999
