csr_f1,osr_f1,osr_fpr,osr_tnr,osr_tpr,osr_fnr
92.07962622621392,92.75101083748358,11.0,89.0,98.0,2.0
