csr_f1,osr_f1,osr_fpr,osr_tnr,osr_tpr,osr_fnr
87.96634847406821,89.50846468372379,12.4,87.6,93.2,6.800000000000001
