csr_f1,osr_f1,osr_fpr,osr_tnr,osr_tpr,osr_fnr
87.96634847406821,88.23610054932914,15.2,84.8,94.1,5.8999999999999995
