csr_f1,osr_f1,osr_fpr,osr_tnr,osr_tpr,osr_fnr
89.73423550769088,71.07031361584343,42.699999999999996,57.3,99.9,0.1
