csr_f1,osr_f1,osr_fpr,osr_tnr,osr_tpr,osr_fnr
89.73423550769088,65.94159166229925,48.3,51.7,99.9,0.1
