csr_f1,osr_f1,osr_fpr,osr_tnr,osr_tpr,osr_fnr
88.51532596118679,88.39595596615314,11.799999999999999,88.2,89.3,10.7
