csr_f1,osr_f1,osr_fpr,osr_tnr,osr_tpr,osr_fnr
88.51532596118679,87.27798888959526,14.2,85.8,89.8,10.2
