csr_f1,osr_f1,osr_fpr,osr_tnr,osr_tpr,osr_fnr
92.04457270044833,85.98859930821956,22.1,77.9,98.8,1.2
