csr_f1,osr_f1,osr_fpr,osr_tnr,osr_tpr,osr_fnr
92.04457270044833,86.89288936173412,20.7,79.3,98.8,1.2
