csr_f1,osr_f1,osr_fpr,osr_tnr,osr_tpr,osr_fnr
87.85054348068884,87.92459958571193,12.9,87.1,89.9,10.100000000000001
