csr_f1,osr_f1,osr_fpr,osr_tnr,osr_tpr,osr_fnr
87.85054348068884,86.34159468715177,16.2,83.8,90.9,9.1
