csr_f1,osr_f1,osr_fpr,osr_tnr,osr_tpr,osr_fnr
92.63121496292852,92.17866934073243,12.3,87.7,98.5,1.5
