csr_f1,osr_f1,osr_fpr,osr_tnr,osr_tpr,osr_fnr
92.63121496292852,89.87836887080974,16.0,84.0,98.7,1.3
