csr_f1,osr_f1,osr_fpr,osr_tnr,osr_tpr,osr_fnr
88.42809721350574,88.79516620469484,12.8,87.2,92.30000000000001,7.7
