csr_f1,osr_f1,osr_fpr,osr_tnr,osr_tpr,osr_fnr
88.42809721350574,87.52573950124359,15.6,84.39999999999999,93.10000000000001,6.9
