csr_f1,osr_f1,osr_fpr,osr_tnr,osr_tpr,osr_fnr
88.80591409936139,87.45689076086471,13.5,86.5,89.8,10.2
