csr_f1,osr_f1,osr_fpr,osr_tnr,osr_tpr,osr_fnr
88.80591409936139,88.58300998840149,11.0,89.0,89.0,11.0
