csr_f1,osr_f1,osr_fpr,osr_tnr,osr_tpr,osr_fnr
92.84092953456259,91.9517966336294,12.9,87.1,98.5,1.5
