csr_f1,osr_f1,osr_fpr,osr_tnr,osr_tpr,osr_fnr
92.84092953456259,90.10956381938759,16.0,84.0,99.0,1.0
