csr_f1,osr_f1,osr_fpr,osr_tnr,osr_tpr,osr_fnr
92.21648205222037,92.34372934955614,11.600000000000001,88.4,97.7,2.3
