csr_f1,osr_f1,osr_fpr,osr_tnr,osr_tpr,osr_fnr
92.21648205222037,90.2519213172254,15.299999999999999,84.7,97.89999999999999,2.1
