csr_f1,osr_f1,osr_fpr,osr_tnr,osr_tpr,osr_fnr
93.38513424924786,82.01747163475474,28.199999999999996,71.8,99.6,0.4
