csr_f1,osr_f1,osr_fpr,osr_tnr,osr_tpr,osr_fnr
93.38513424924786,85.65920984628067,23.1,76.9,99.5,0.5
