csr_f1,osr_f1,osr_fpr,osr_tnr,osr_tpr,osr_fnr
93.65629987935816,90.66084952185808,14.899999999999999,85.1,98.3,1.7000000000000002
