csr_f1,osr_f1,osr_fpr,osr_tnr,osr_tpr,osr_fnr
93.65629987935816,92.69757370876586,10.6,89.4,97.0,3.0
