csr_f1,osr_f1,osr_fpr,osr_tnr,osr_tpr,osr_fnr
93.13812740407168,92.226423756711,11.600000000000001,88.4,97.5,2.5
