csr_f1,osr_f1,osr_fpr,osr_tnr,osr_tpr,osr_fnr
93.13812740407168,90.3667637888492,14.7,85.3,97.6,2.4
