csr_f1,osr_f1,osr_fpr,osr_tnr,osr_tpr,osr_fnr
89.65088643128757,40.47145341554194,72.0,28.000000000000004,100.0,0.0
