csr_f1,osr_f1,osr_fpr,osr_tnr,osr_tpr,osr_fnr
89.65088643128757,47.17765807416215,66.2,33.800000000000004,100.0,0.0
