csr_f1,osr_f1,osr_fpr,osr_tnr,osr_tpr,osr_fnr
92.70414524453426,89.61095840909068,15.9,84.1,97.5,2.5
