csr_f1,osr_f1,osr_fpr,osr_tnr,osr_tpr,osr_fnr
92.70414524453426,91.85911490288878,12.1,87.9,97.5,2.5
