csr_f1,osr_f1,osr_fpr,osr_tnr,osr_tpr,osr_fnr
91.22467513043634,90.10171965019663,15.1,84.89999999999999,97.89999999999999,2.1
