csr_f1,osr_f1,osr_fpr,osr_tnr,osr_tpr,osr_fnr
91.22467513043634,91.90848125197873,10.0,90.0,95.6,4.3999999999999995
