csr_f1,osr_f1,osr_fpr,osr_tnr,osr_tpr,osr_fnr
89.56418360509086,85.5245880432852,23.7,76.3,99.7,0.3
