csr_f1,osr_f1,osr_fpr,osr_tnr,osr_tpr,osr_fnr
89.56418360509086,88.08686715954217,19.6,80.4,99.4,0.6
