csr_f1,osr_f1,osr_fpr,osr_tnr,osr_tpr,osr_fnr
93.17317860644016,92.93974757486848,10.100000000000001,89.9,97.2,2.8000000000000003
