csr_f1,osr_f1,osr_fpr,osr_tnr,osr_tpr,osr_fnr
93.17317860644016,90.29693630354888,15.1,84.89999999999999,98.0,2.0
