csr_f1,osr_f1,osr_fpr,osr_tnr,osr_tpr,osr_fnr
93.12831905385411,80.45687093771342,30.099999999999998,69.89999999999999,99.5,0.5
