csr_f1,osr_f1,osr_fpr,osr_tnr,osr_tpr,osr_fnr
93.12831905385411,76.55767519005975,35.6,64.4,99.7,0.3
