csr_f1,osr_f1,osr_fpr,osr_tnr,osr_tpr,osr_fnr
89.83508808835232,80.8751424951012,30.2,69.8,99.8,0.2
