csr_f1,osr_f1,osr_fpr,osr_tnr,osr_tpr,osr_fnr
89.83508808835232,84.64203790496947,24.8,75.2,99.8,0.2
