csr_f1,osr_f1,osr_fpr,osr_tnr,osr_tpr,osr_fnr
93.31055989971053,74.66496994294796,37.9,62.1,99.8,0.2
