csr_f1,osr_f1,osr_fpr,osr_tnr,osr_tpr,osr_fnr
93.31055989971053,78.20735850962949,33.300000000000004,66.7,99.6,0.4
