csr_f1,osr_f1,osr_fpr,osr_tnr,osr_tpr,osr_fnr
93.50684432153001,93.24858179744734,10.6,89.4,98.3,1.7000000000000002
