csr_f1,osr_f1,osr_fpr,osr_tnr,osr_tpr,osr_fnr
93.50684432153001,90.47551149397079,15.1,84.89999999999999,98.5,1.5
